<?xml version="1.0" encoding="UTF-8"?><project-deployment xmlns="http://www.ibm.com/rules/ruleproject/deployment" xmlns:xsi="http://www.w3.org/2001/XMLSchema-instance">
    <config serverURL="http://192.168.8.16:9080/res">
        <xom>
            <uri value="reslib://GeneralInquiryDS_1.0/1.18"/>
        </xom>
    </config>
<config serverURL="http://localhost:9090/res">
        <xom>
            <uri value="reslib://GeneralInquiryDS_1.0/1.0"/>
        </xom>
    </config>
<config serverURL="http://ibmbpm-rpa:9090/res/">
        <xom>
            <uri value="reslib://GeneralInquiryDS_1.0/1.1"/>
        </xom>
    </config>
</project-deployment>